AÑO,TRIMESTRE,PROVEEDOR,COD DEPARTAMENTO,DEPARTAMENTO,COD MUNICIPIO,MUNICIPIO,CABECERA MUNICIPAL,COD CENTRO POBLADO,CENTRO POBLADO,COBERTURA 2G,COBERTURA 3G,"COBERTURA HSPA+, HSPA+DC",COBERTUTA 4G,COBERTURA LTE,COBERTURA 5G
2016,2,EMPRESA DE TELECOMUNICACIONES DE BOGOTA S.A. ESP,68,SANTANDER,68679.0,SAN GIL,S,68679001.0,SAN GIL,S,S,S,N,N,N
2018,3,AVANTEL S.A.S,27,CHOCÓ,27491.0,NÓVITA,S,27491001.0,NÓVITA,N,N,N,N,N,N
2016,1,EMPRESA DE TELECOMUNICACIONES DE BOGOTA S.A. ESP,5,ANTIOQUIA,5480.0,MUTATÁ,S,5480001.0,MUTATÁ,S,S,S,N,N,N
2022,3,COLOMBIA MOVIL  S.A ESP,76,VALLE DEL CAUCA,76113.0,BUGALAGRANDE,S,76113000.0,BUGALAGRANDE,S,S,S,S,N,N
2021,3,PARTNERS TELECOM COLOMBIA SAS,86,PUTUMAYO,86001.0,MOCOA,N,0.0,SIN CENTRO POBLADO,N,N,N,S,N,N
2018,3,COMUNICACION CELULAR S A COMCEL S A,54,NORTE DE SANTANDER,54125.0,CÁCOTA,N,0.0,ICOTA,N,N,N,N,N,N
2021,2,EMPRESA DE TELECOMUNICACIONES DE BOGOTA S.A. ESP,19,CAUCA,19622.0,ROSAS,S,19622000.0,ROSAS,S,S,N,N,N,N
2018,3,COMUNICACION CELULAR S A COMCEL S A,47,MAGDALENA,47555.0,PLATO,N,47555020.0,LOS POZOS,N,N,N,N,N,N
2019,1,COMUNICACION CELULAR S A COMCEL S A,76,VALLE DEL CAUCA,76318.0,GUACARÍ,N,76318011.0,CANANGUÁ,N,N,N,N,N,N
2023,1,COMUNICACION CELULAR S A COMCEL S A,76,VALLE DEL CAUCA,76622.0,ROLDANILLO,S,76622000.0,ROLDANILLO,S,S,S,S,N,N
2021,2,COMUNICACION CELULAR S A COMCEL S A,25,CUNDINAMARCA,25817.0,TOCANCIPÁ,N,25817020.0,BUENOS AIRES,S,S,S,S,N,N
2021,1,COLOMBIA TELECOMUNICACIONES S.A. E.S.P.,5,ANTIOQUIA,5034.0,ANDES,S,5034001.0,ANDES,S,S,S,N,S,N
2018,4,COLOMBIA TELECOMUNICACIONES S.A. E.S.P.,5,ANTIOQUIA,5656.0,SAN JERÓNIMO,S,5656001.0,SAN JERÓNIMO,S,S,N,N,S,N
2020,1,EMPRESA DE TELECOMUNICACIONES DE BOGOTA S.A. ESP,5,ANTIOQUIA,5887.0,YARUMAL,S,5887001.0,YARUMAL,N,N,N,N,S,N
2019,4,COMUNICACION CELULAR S A COMCEL S A,52,NARIÑO,52835.0,TUMACO - SAN ANDRES DE TUMACO,N,52835160.0,CANDELILLA,S,S,S,N,S,N
2022,3,COLOMBIA MOVIL  S.A ESP,18,CAQUETA,18001.0,FLORENCIA,N,18001005.0,SANTANA LAS HERMOSAS,N,N,N,S,N,N
2019,3,COMUNICACION CELULAR S A COMCEL S A,5,ANTIOQUIA,5873.0,VIGÍA DEL FUERTE,N,5873007.0,BUCHADO,N,N,N,N,N,N
2022,1,AVANTEL S.A.S,94,GUAINÍA,94001.0,INÍRIDA,S,94001000.0,INÍRIDA,S,S,S,S,N,N
2021,2,COLOMBIA TELECOMUNICACIONES S.A. E.S.P.,44,LA GUAJIRA,44847.0,URIBIA,N,44847003.0,CABO DE LA VELA,N,S,N,N,N,N
2021,2,PARTNERS TELECOM COLOMBIA SAS,18,CAQUETA,18753.0,SAN VICENTE DEL CAGUÁN,S,18753000.0,SAN VICENTE DEL CAGUÁN,N,S,S,N,N,N
2018,3,AVANTEL S.A.S,13,BOLÍVAR,13600.0,RÍO VIEJO,S,13600001.0,RÍO VIEJO,N,N,N,N,N,N
2017,1,COLOMBIA TELECOMUNICACIONES S.A. E.S.P.,27,CHOCÓ,27787.0,TADÓ,S,27787001.0,TADÓ,S,S,N,N,N,N
2019,2,EMPRESA DE TELECOMUNICACIONES DE BOGOTA S.A. ESP,19,CAUCA,19256.0,EL TAMBO,S,19256001.0,EL TAMBO,N,N,N,N,N,N
2018,2,COMUNICACION CELULAR S A COMCEL S A,20,CESAR,20175.0,CHIMICHAGUA,N,0.0,DARDANELOS DOS,N,N,N,N,N,N
2019,2,COMUNICACION CELULAR S A COMCEL S A,76,VALLE DEL CAUCA,76001.0,CALI,N,76001001.0,EL SALADITO,N,N,N,N,N,N
2016,3,COMUNICACION CELULAR S A COMCEL S A,23,CÓRDOBA,23001.0,MONTERÍA,N,23001007.0,LA MANTA,N,N,N,N,N,N
2022,2,COMUNICACION CELULAR S A COMCEL S A,5,ANTIOQUIA,5495.0,NECHÍ,N,5495004.0,LAS FLORES,S,S,S,S,N,N
2019,2,COMUNICACION CELULAR S A COMCEL S A,52,NARIÑO,52835.0,TUMACO - SAN ANDRES DE TUMACO,N,52835011.0,DESCOLGADERO,N,N,N,N,N,N
2017,2,COMUNICACION CELULAR S A COMCEL S A,27,CHOCÓ,27099.0,BOJAYA,N,27099001.0,ALFONSO LÓPEZ,N,N,N,N,N,N
2020,3,EMPRESA DE TELECOMUNICACIONES DE BOGOTA S.A. ESP,5,ANTIOQUIA,5607.0,RETIRO,S,5607001.0,RETIRO,N,N,N,N,S,N
2022,3,COLOMBIA TELECOMUNICACIONES S.A. E.S.P.,23,CÓRDOBA,23675.0,SAN BERNARDO DEL VIENTO,N,23675023.0,EL DARIEN,S,N,N,N,N,N
2019,4,COMUNICACION CELULAR S A COMCEL S A,52,NARIÑO,52678.0,SAMANIEGO,N,0.0,ARCHIDUQUE,N,N,N,N,N,N
2020,3,COMUNICACION CELULAR S A COMCEL S A,13,BOLÍVAR,13744.0,SIMITÍ,N,13744019.0,SAN JOAQUÍN,S,S,N,N,N,N
2022,2,COMUNICACION CELULAR S A COMCEL S A,91,AMAZONAS,91001.0,LETICIA,S,91001000.0,LETICIA,S,S,S,S,N,N
2020,2,EMPRESA DE TELECOMUNICACIONES DE BOGOTA S.A. ESP,25,CUNDINAMARCA,25288.0,FÚQUENE,N,25288001.0,CAPELLANÍA,N,N,N,N,N,N
2019,3,COMUNICACION CELULAR S A COMCEL S A,20,CESAR,20614.0,RÍO DE ORO,N,20614006.0,MONTECITOS,N,N,N,N,N,N
2022,4,COLOMBIA TELECOMUNICACIONES S.A. E.S.P.,23,CÓRDOBA,23807.0,TIERRALTA,N,23807019.0,CARRIZOLA,S,N,N,N,N,N
2022,4,COMUNICACION CELULAR S A COMCEL S A,95,GUAVIARE,95001.0,SAN JOSÉ DEL GUAVIARE,N,95001027.0,LAS ACACIAS,S,N,N,N,N,N
2017,4,COMUNICACION CELULAR S A COMCEL S A,76,VALLE DEL CAUCA,76109.0,BUENAVENTURA,N,76109099.0,PRIMAVERA,N,N,N,N,N,N
2016,3,COMUNICACION CELULAR S A COMCEL S A,25,CUNDINAMARCA,25898.0,ZIPACÓN,N,25898004.0,LA CAPILLA,S,N,N,N,N,N
2021,2,COMUNICACION CELULAR S A COMCEL S A,13,BOLÍVAR,13667.0,SAN MARTÍN DE LOBA,S,13667000.0,SAN MARTÍN DE LOBA,S,S,S,S,N,N
2018,2,COMUNICACION CELULAR S A COMCEL S A,41,HUILA,41770.0,SUAZA,N,0.0,HATO VIEJO,N,N,N,N,N,N
2021,2,COLOMBIA MOVIL  S.A ESP,86,PUTUMAYO,86001.0,MOCOA,S,86001000.0,MOCOA,S,S,S,S,N,N
2017,3,AVANTEL S.A.S,27,CHOCÓ,27810.0,UNIÓN PANAMERICANA,S,27810001.0,UNIÓN PANAMERICANA,N,N,N,N,N,N
2017,1,COMUNICACION CELULAR S A COMCEL S A,41,HUILA,41801.0,TERUEL,N,0.0,SAN PEDRO,N,N,N,N,N,N
2022,2,COMUNICACION CELULAR S A COMCEL S A,17,CALDAS,17042.0,ANSERMA,S,17042000.0,ANSERMA,S,S,S,S,N,N
2022,2,COLOMBIA TELECOMUNICACIONES S.A. E.S.P.,20,CESAR,20787.0,TAMALAMEQUE,S,20787000.0,TAMALAMEQUE,S,S,S,S,N,N
2015,4,COMUNICACION CELULAR S A COMCEL S A,73,TOLIMA,73067.0,ATACO,N,73067007.0,SANTIAGO PÉREZ,S,N,N,N,N,N
2017,1,COMUNICACION CELULAR S A COMCEL S A,19,CAUCA,19142.0,CALOTO,N,0.0,LOS CHORROS,N,N,N,N,N,N
2021,2,PARTNERS TELECOM COLOMBIA SAS,25,CUNDINAMARCA,25324.0,GUATAQUÍ,S,25324000.0,GUATAQUÍ,N,S,S,N,N,N
2018,3,COMUNICACION CELULAR S A COMCEL S A,17,CALDAS,17174.0,CHINCHINÁ,N,17174015.0,SAN ANDRÉS,N,N,N,N,N,N
2020,4,COMUNICACION CELULAR S A COMCEL S A,5,ANTIOQUIA,5234.0,DABEIBA,N,5234019.0,LA BALSITA,N,N,N,N,N,N
2017,1,COLOMBIA MOVIL  S.A ESP,13,BOLÍVAR,13810.0,TIQUISIO,S,13810001.0,TIQUISIO,S,S,S,N,N,N
2017,3,COLOMBIA TELECOMUNICACIONES S.A. E.S.P.,13,BOLÍVAR,13001.0,CARTAGENA,N,13001004.0,BAYUNCA,S,S,N,N,N,N
2019,1,COMUNICACION CELULAR S A COMCEL S A,70,SUCRE,70702.0,SAN JUAN DE BETULIA,N,70702006.0,LAS CRUCES,S,N,N,N,N,N
2017,4,COMUNICACION CELULAR S A COMCEL S A,86,PUTUMAYO,86573.0,PUERTO LEGUÍZAMO,N,86573005.0,EL MECAYA,N,N,N,N,N,N
2022,2,COLOMBIA TELECOMUNICACIONES S.A. E.S.P.,15,BOYACÁ,15226.0,CUÍTIVA,S,15226000.0,CUÍTIVA,N,N,N,S,N,N
2023,2,COLOMBIA TELECOMUNICACIONES S.A. E.S.P.,8,ATLÁNTICO,8421.0,LURUACO,N,8421004.0,SAN JUAN DE TOCAGUA,S,N,N,N,N,N
2020,1,COMUNICACION CELULAR S A COMCEL S A,76,VALLE DEL CAUCA,76130.0,CANDELARIA,N,76130039.0,SAN ANDRESITO,N,N,N,N,N,N
2017,4,COMUNICACION CELULAR S A COMCEL S A,5,ANTIOQUIA,5154.0,CAUCASIA,N,5154022.0,LA ILUSIÓN,N,N,N,N,N,N
2022,3,COLOMBIA MOVIL  S.A ESP,25,CUNDINAMARCA,25594.0,QUETAME,S,25594000.0,QUETAME,N,S,S,S,N,N
2019,4,COMUNICACION CELULAR S A COMCEL S A,5,ANTIOQUIA,5686.0,SANTA ROSA DE OSOS,N,5686001.0,ARAGÓN,S,S,S,N,S,N
2023,1,COLOMBIA TELECOMUNICACIONES S.A. E.S.P.,25,CUNDINAMARCA,25295.0,GACHANCIPÁ,S,25295000.0,GACHANCIPÁ,S,S,S,S,N,N
2016,2,EMPRESA DE TELECOMUNICACIONES DE BOGOTA S.A. ESP,17,CALDAS,17272.0,FILADELFIA,S,17272001.0,FILADELFIA,S,S,S,N,N,N
2023,2,PARTNERS TELECOM COLOMBIA SAS,52,NARIÑO,52250.0,EL CHARCO,S,52250000.0,EL CHARCO,N,S,S,S,N,N
2020,1,COMUNICACION CELULAR S A COMCEL S A,76,VALLE DEL CAUCA,76895.0,ZARZAL,S,76895001.0,ZARZAL,S,S,S,N,S,N
2017,4,COMUNICACION CELULAR S A COMCEL S A,20,CESAR,20013.0,AGUSTÍN CODAZZI,N,0.0,SICARARE,N,N,N,N,N,N
2020,4,COMUNICACION CELULAR S A COMCEL S A,52,NARIÑO,52835.0,TUMACO - SAN ANDRES DE TUMACO,N,52835148.0,TABLÓN DULCE LA PAMPA,N,N,N,N,N,N
2018,4,EMPRESA DE TELECOMUNICACIONES DE BOGOTA S.A. ESP,8,ATLÁNTICO,8520.0,PALMAR DE VARELA,S,8520001.0,PALMAR DE VARELA,N,N,N,N,S,N
2016,1,COMUNICACION CELULAR S A COMCEL S A,47,MAGDALENA,47703.0,SAN ZENÓN,S,47703001.0,SAN ZENÓN,S,S,S,N,N,N
2015,4,COMUNICACION CELULAR S A COMCEL S A,18,CAQUETA,18150.0,CARTAGENA DEL CHAIRÁ,S,18150001.0,CARTAGENA DEL CHAIRÁ,S,S,N,N,N,N
2020,2,AVANTEL S.A.S,15,BOYACÁ,15223.0,CUBARÁ,S,15223001.0,CUBARÁ,N,N,N,N,N,N
2022,1,COMUNICACION CELULAR S A COMCEL S A,19,CAUCA,19573.0,PUERTO TEJADA,S,19573000.0,PUERTO TEJADA,S,S,S,S,N,N
2018,1,COMUNICACION CELULAR S A COMCEL S A,76,VALLE DEL CAUCA,76364.0,JAMUNDÍ,N,76364003.0,GUACHINTE,N,N,N,N,N,N
2018,1,COMUNICACION CELULAR S A COMCEL S A,5,ANTIOQUIA,5206.0,CONCEPCIÓN,S,5206001.0,CONCEPCIÓN,S,S,S,N,S,N
2017,4,COMUNICACION CELULAR S A COMCEL S A,23,CÓRDOBA,23417.0,LORICA,N,23417019.0,EL RODEO,S,S,S,N,N,N
2022,1,COMUNICACION CELULAR S A COMCEL S A,5,ANTIOQUIA,5664.0,SAN PEDRO DE LOS MILAGROS,S,5664000.0,SAN PEDRO DE LOS MILAGROS,S,S,S,S,N,N
2020,2,COMUNICACION CELULAR S A COMCEL S A,11,BOGOTÁ D.C.,11001.0,"BOGOTÁ, D.C.",N,0.0,SANTO DOMINGO,S,S,S,N,N,N
2021,2,EMPRESA DE TELECOMUNICACIONES DE BOGOTA S.A. ESP,15,BOYACÁ,15238.0,DUITAMA,S,15238000.0,DUITAMA,S,S,N,S,N,N
2022,1,COLOMBIA TELECOMUNICACIONES S.A. E.S.P.,54,NORTE DE SANTANDER,54405.0,LOS PATIOS,S,54405000.0,LOS PATIOS,S,S,S,S,N,N
2018,3,COMUNICACION CELULAR S A COMCEL S A,23,CÓRDOBA,23672.0,SAN ANTERO,N,23672013.0,EL PROGRESO,N,N,N,N,N,N
2016,2,COMUNICACION CELULAR S A COMCEL S A,13,BOLÍVAR,13580.0,REGIDOR,S,13580001.0,REGIDOR,S,S,S,N,S,N
2016,2,COMUNICACION CELULAR S A COMCEL S A,20,CESAR,20001.0,VALLEDUPAR,N,0.0,EL MANGÓN,N,N,N,N,N,N
2016,1,COMUNICACION CELULAR S A COMCEL S A,52,NARIÑO,52520.0,FRANCISCO PIZARRO,N,52520007.0,BOCA DE CURAY,N,N,N,N,N,N
2020,4,COMUNICACION CELULAR S A COMCEL S A,41,HUILA,41006.0,ACEVEDO,N,41006005.0,SAN MARCOS,N,N,N,N,N,N
2021,3,AVANTEL S.A.S,17,CALDAS,17013.0,AGUADAS,S,17013000.0,AGUADAS,S,S,S,S,N,N
2021,1,COMUNICACION CELULAR S A COMCEL S A,13,BOLÍVAR,13654.0,SAN JACINTO,N,13654007.0,PARAÍSO,S,S,N,N,N,N
2017,4,COMUNICACION CELULAR S A COMCEL S A,17,CALDAS,17088.0,BELALCÁZAR,S,17088001.0,BELALCÁZAR,S,S,S,N,S,N
2015,4,ALMACENES EXITO INVERSIONES S.A.S.,50,META,50006.0,ACACÍAS,S,50006001.0,ACACÍAS,S,S,S,N,N,N
2020,1,COMUNICACION CELULAR S A COMCEL S A,47,MAGDALENA,47318.0,GUAMAL,N,47318020.0,LA CEIBA,S,N,N,N,N,N
2022,3,COMUNICACION CELULAR S A COMCEL S A,44,LA GUAJIRA,44650.0,SAN JUAN DEL CESAR,N,44650007.0,GUAYACANAL,S,S,S,S,N,N
2020,4,COMUNICACION CELULAR S A COMCEL S A,76,VALLE DEL CAUCA,76895.0,ZARZAL,N,76895008.0,ESTACIÓN CAICEDONIA,N,N,N,N,N,N
2015,4,COMUNICACION CELULAR S A COMCEL S A,52,NARIÑO,52835.0,TUMACO - SAN ANDRES DE TUMACO,N,52835087.0,PULGANDE,S,N,N,N,N,N
2018,1,COMUNICACION CELULAR S A COMCEL S A,52,NARIÑO,52520.0,FRANCISCO PIZARRO,N,0.0,VICTOR CALONGE,N,N,N,N,N,N
2019,2,COMUNICACION CELULAR S A COMCEL S A,76,VALLE DEL CAUCA,76863.0,VERSALLES,N,76863017.0,LA PLAYA,N,N,N,N,N,N
2021,2,AVANTEL S.A.S,50,META,50711.0,VISTAHERMOSA,S,50711000.0,VISTAHERMOSA,S,S,S,N,N,N
2018,1,COLOMBIA MOVIL  S.A ESP,20,CESAR,20013.0,AGUSTÍN CODAZZI,N,20013002.0,CASACAZA,S,S,S,N,N,N
2019,2,COMUNICACION CELULAR S A COMCEL S A,54,NORTE DE SANTANDER,54001.0,SAN JOSÉ DE CÚCUTA,N,54001042.0,LA FLORESTA,S,N,N,N,N,N
2016,3,ALMACENES EXITO INVERSIONES S.A.S.,25,CUNDINAMARCA,25245.0,EL COLEGIO,S,25245001.0,EL COLEGIO,S,S,S,N,N,N
2016,3,COMUNICACION CELULAR S A COMCEL S A,23,CÓRDOBA,23580.0,PUERTO LIBERTADOR,N,23580009.0,SANTA FÉ LAS CLARAS,N,N,N,N,N,N
2016,1,COMUNICACION CELULAR S A COMCEL S A,27,CHOCÓ,27810.0,UNIÓN PANAMERICANA,N,27810004.0,SAN PABLO ADENTRO,N,N,N,N,N,N
2020,4,COLOMBIA TELECOMUNICACIONES S.A. E.S.P.,5,ANTIOQUIA,5172.0,CHIGORODÓ,S,5172001.0,CHIGORODÓ,S,S,S,N,S,N
2021,2,COLOMBIA TELECOMUNICACIONES S.A. E.S.P.,25,CUNDINAMARCA,25658.0,SAN FRANCISCO,S,25658000.0,SAN FRANCISCO,S,S,N,S,N,N
2016,2,COMUNICACION CELULAR S A COMCEL S A,23,CÓRDOBA,23672.0,SAN ANTERO,N,0.0,CERROPETRONA,N,N,N,N,N,N
2021,4,PARTNERS TELECOM COLOMBIA SAS,70,SUCRE,70702.0,SAN JUAN DE BETULIA,S,70702000.0,BETULIA,N,S,S,N,N,N
2020,3,COMUNICACION CELULAR S A COMCEL S A,66,RISARALDA,66594.0,QUINCHÍA,N,66594006.0,NARANJAL,S,S,S,N,S,N
2022,3,COLOMBIA TELECOMUNICACIONES S.A. E.S.P.,23,CÓRDOBA,23586.0,PURÍSIMA,N,23586003.0,LOS CORALES,S,N,N,N,N,N
2017,3,COMUNICACION CELULAR S A COMCEL S A,25,CUNDINAMARCA,25823.0,TOPAIPÍ,N,25823002.0,EL NARANJAL,N,N,N,N,N,N
2019,2,COMUNICACION CELULAR S A COMCEL S A,23,CÓRDOBA,23682.0,SAN JOSÉ DE URÉ,N,23682006.0,VERSALLES,N,N,N,N,N,N
2019,4,COMUNICACION CELULAR S A COMCEL S A,23,CÓRDOBA,23189.0,CIÉNAGA DE ORO,N,0.0,EL SIGLO,N,N,N,N,N,N
2017,1,COMUNICACION CELULAR S A COMCEL S A,91,AMAZONAS,91430.0,LA VICTORIA,N,91430000.0,PACOA,N,N,N,N,N,N
2019,3,COMUNICACION CELULAR S A COMCEL S A,27,CHOCÓ,27615.0,RIOSUCIO,N,0.0,CAMPO ALEGRE,N,N,N,N,N,N
2015,4,COMUNICACION CELULAR S A COMCEL S A,47,MAGDALENA,47692.0,SAN SEBASTIÁN DE BUENAVISTA,N,0.0,JAIME,N,N,N,N,N,N
2017,4,COMUNICACION CELULAR S A COMCEL S A,15,BOYACÁ,15135.0,CAMPOHERMOSO,N,15135002.0,VISTAHERMOSA,N,N,N,N,N,N
2017,3,COMUNICACION CELULAR S A COMCEL S A,20,CESAR,20295.0,GAMARRA,N,20295006.0,PUERTO VIEJO,S,N,N,N,N,N
2023,1,COLOMBIA TELECOMUNICACIONES S.A. E.S.P.,20,CESAR,20178.0,CHIRIGUANÁ,N,20178015.0,ESTACIÓN CHIRIGUANÁ,S,N,N,N,N,N
2018,1,COMUNICACION CELULAR S A COMCEL S A,5,ANTIOQUIA,5001.0,MEDELLÍN,N,5001040.0,EL LLANO 2,N,N,N,N,N,N
2022,4,COMUNICACION CELULAR S A COMCEL S A,73,TOLIMA,73411.0,LÍBANO,S,73411000.0,LÍBANO,S,S,S,S,N,N
2017,2,COLOMBIA TELECOMUNICACIONES S.A. E.S.P.,41,HUILA,41359.0,ISNOS,S,41359001.0,ISNOS,S,S,N,N,N,N
2017,4,COMUNICACION CELULAR S A COMCEL S A,5,ANTIOQUIA,5631.0,SABANETA,N,5631001.0,MARÍA AUXILIADORA,S,S,S,N,N,N
2019,1,COMUNICACION CELULAR S A COMCEL S A,15,BOYACÁ,15109.0,BUENAVISTA,S,15109001.0,BUENAVISTA,S,S,S,N,S,N
2018,2,COLOMBIA TELECOMUNICACIONES S.A. E.S.P.,73,TOLIMA,73678.0,SAN LUIS,S,73678001.0,SAN LUIS,S,S,N,N,N,N
2016,2,COMUNICACION CELULAR S A COMCEL S A,66,RISARALDA,66594.0,QUINCHÍA,N,66594001.0,BATERO,N,N,N,N,N,N
2021,3,COMUNICACION CELULAR S A COMCEL S A,5,ANTIOQUIA,5055.0,ARGELIA,S,5055000.0,ARGELIA,S,S,S,S,N,N
2017,2,COMUNICACION CELULAR S A COMCEL S A,23,CÓRDOBA,23300.0,COTORRA,N,0.0,GUAYABAL,N,N,N,N,N,N
2017,3,COMUNICACION CELULAR S A COMCEL S A,5,ANTIOQUIA,5873.0,VIGÍA DEL FUERTE,N,5873004.0,SAN ALEJANDRO,N,N,N,N,N,N
2023,1,COMUNICACION CELULAR S A COMCEL S A,54,NORTE DE SANTANDER,54174.0,CHITAGÁ,N,54174005.0,LLANO GRANDE,S,S,S,N,N,N
2016,3,COLOMBIA MOVIL  S.A ESP,25,CUNDINAMARCA,25740.0,SIBATÉ,S,25740001.0,SIBATÉ,S,S,S,N,S,N
2020,4,EMPRESA DE TELECOMUNICACIONES DE BOGOTA S.A. ESP,73,TOLIMA,73449.0,MELGAR,S,73449001.0,MELGAR,N,N,N,N,S,N
2016,2,COMUNICACION CELULAR S A COMCEL S A,25,CUNDINAMARCA,25745.0,SIMIJACA,N,0.0,CENTRO SECTOR JUAN PACHO,N,N,N,N,N,N
2018,4,COMUNICACION CELULAR S A COMCEL S A,54,NORTE DE SANTANDER,54001.0,SAN JOSÉ DE CÚCUTA,N,54001033.0,LA JARRA,S,N,N,N,N,N
2021,2,COLOMBIA MOVIL  S.A ESP,41,HUILA,41483.0,NÁTAGA,S,41483000.0,NÁTAGA,S,S,S,S,N,N
2022,3,COLOMBIA TELECOMUNICACIONES S.A. E.S.P.,5,ANTIOQUIA,5034.0,ANDES,S,5034000.0,ANDES,S,S,S,S,N,N
2016,4,COMUNICACION CELULAR S A COMCEL S A,8,ATLÁNTICO,8558.0,POLONUEVO,S,8558001.0,POLONUEVO,S,S,S,N,N,N
2022,1,PARTNERS TELECOM COLOMBIA SAS,41,HUILA,41026.0,ALTAMIRA,S,41026000.0,ALTAMIRA,N,S,S,N,N,N
2016,4,COMUNICACION CELULAR S A COMCEL S A,52,NARIÑO,52051.0,ARBOLEDA,N,0.0,CÁRDENAS ROSAFLORIDA,N,N,N,N,N,N
2018,1,COMUNICACION CELULAR S A COMCEL S A,54,NORTE DE SANTANDER,54810.0,TIBÚ,N,54810006.0,TRES BOCAS,S,N,N,N,N,N
2018,4,COMUNICACION CELULAR S A COMCEL S A,66,RISARALDA,66682.0,SANTA ROSA DE CABAL,N,0.0,EL GUAMAL,N,N,N,N,N,N
2023,3,COMUNICACION CELULAR S A COMCEL S A,66,RISARALDA,66001.0,PEREIRA,N,66001044.0,ALEGRÍAS LA GRAMÍNEA (BRISAS DEL CONDINA),S,S,S,S,N,N
2016,2,COLOMBIA TELECOMUNICACIONES S.A. E.S.P.,20,CESAR,20228.0,CURUMANÍ,N,20228002.0,SAN ROQUE,S,N,N,N,N,N
2017,3,COMUNICACION CELULAR S A COMCEL S A,23,CÓRDOBA,23417.0,LORICA,N,23417003.0,LA DOCTRINA,S,S,S,N,N,N
2022,4,COLOMBIA MOVIL  S.A ESP,5,ANTIOQUIA,5360.0,ITAGUI,N,5360003.0,EL AJIZAL,N,S,S,S,N,N
2018,1,COMUNICACION CELULAR S A COMCEL S A,19,CAUCA,19318.0,GUAPI,N,0.0,CONCEPCIÓN DE GUAJUÍ,N,N,N,N,N,N
2018,3,COMUNICACION CELULAR S A COMCEL S A,23,CÓRDOBA,23001.0,MONTERÍA,N,23001045.0,MAQUENCAL,N,N,N,N,N,N
2022,3,COMUNICACION CELULAR S A COMCEL S A,5,ANTIOQUIA,5390.0,LA PINTADA,N,5390001.0,LA BOCANA,S,S,S,S,N,N
2017,1,COMUNICACION CELULAR S A COMCEL S A,88,"ARCHIPIÉLAGO DE SAN ANDRÉS, PROVIDENCIA Y SANTA CATALINA",88564.0,PROVIDENCIA,N,88564005.0,ROCKY POINT,N,N,N,N,N,N
2017,1,EMPRESA DE TELECOMUNICACIONES DE BOGOTA S.A. ESP,54,NORTE DE SANTANDER,54720.0,SARDINATA,S,54720001.0,SARDINATA,S,S,S,N,N,N
2015,4,COMUNICACION CELULAR S A COMCEL S A,70,SUCRE,70221.0,COVEÑAS,N,70221002.0,EL REPARO,S,N,N,N,N,N
2019,3,COLOMBIA MOVIL  S.A ESP,5,ANTIOQUIA,5847.0,URRAO,S,5847001.0,URRAO,S,S,S,N,N,N
2017,3,COMUNICACION CELULAR S A COMCEL S A,41,HUILA,41551.0,PITALITO,N,41551001.0,BRUSELAS,S,S,S,N,S,N
2017,4,COMUNICACION CELULAR S A COMCEL S A,76,VALLE DEL CAUCA,76036.0,ANDALUCÍA,N,0.0,ALTAFLOR,N,N,N,N,N,N
2016,3,COMUNICACION CELULAR S A COMCEL S A,13,BOLÍVAR,13810.0,TIQUISIO,N,13810011.0,TIQUISIO NUEVO,S,N,N,N,N,N
2022,3,PARTNERS TELECOM COLOMBIA SAS,25,CUNDINAMARCA,25769.0,SUBACHOQUE,S,25769000.0,SUBACHOQUE,N,S,S,S,N,N
2019,2,COMUNICACION CELULAR S A COMCEL S A,47,MAGDALENA,47189.0,CIÉNAGA,N,47189004.0,SAN PEDRO DE LA SIERRA,S,S,S,N,S,N
2020,1,COLOMBIA TELECOMUNICACIONES S.A. E.S.P.,15,BOYACÁ,15621.0,RONDÓN,S,15621001.0,RONDÓN,S,S,N,N,N,N
2021,1,COMUNICACION CELULAR S A COMCEL S A,70,SUCRE,70713.0,SAN ONOFRE,N,70713010.0,RINCÓN DEL MAR,S,S,S,N,S,N
2020,3,COMUNICACION CELULAR S A COMCEL S A,25,CUNDINAMARCA,25898.0,ZIPACÓN,N,25898007.0,LA CABAÑA,S,S,N,N,S,N
2023,3,COLOMBIA TELECOMUNICACIONES S.A. E.S.P.,25,CUNDINAMARCA,25718.0,SASAIMA,N,25718001.0,SANTA INES,S,S,N,S,N,N
2019,2,COMUNICACION CELULAR S A COMCEL S A,73,TOLIMA,73319.0,GUAMO,N,73319005.0,CHIPUELO ORIENTE,N,N,N,N,N,N
2018,2,COMUNICACION CELULAR S A COMCEL S A,13,BOLÍVAR,13042.0,ARENAL,N,13042002.0,CARNIZALA,S,N,N,N,N,N
2016,4,COLOMBIA MOVIL  S.A ESP,20,CESAR,20787.0,TAMALAMEQUE,S,20787001.0,TAMALAMEQUE,S,S,S,N,N,N
2017,4,COMUNICACION CELULAR S A COMCEL S A,47,MAGDALENA,47189.0,CIÉNAGA,N,47189023.0,SIBERIA,N,N,N,N,N,N
2017,3,COMUNICACION CELULAR S A COMCEL S A,68,SANTANDER,68669.0,SAN ANDRÉS,S,68669001.0,SAN ANDRÉS,S,S,N,N,N,N
2018,4,COMUNICACION CELULAR S A COMCEL S A,5,ANTIOQUIA,5360.0,ITAGUI,N,5360003.0,EL AJIZAL,S,S,N,N,N,N
2021,2,PARTNERS TELECOM COLOMBIA SAS,23,CÓRDOBA,23682.0,SAN JOSÉ DE URÉ,S,23682000.0,SAN JOSÉ DE URÉ,N,S,S,N,N,N
2018,1,COMUNICACION CELULAR S A COMCEL S A,52,NARIÑO,52378.0,LA CRUZ,N,52378009.0,TAJUMBINA,N,N,N,N,N,N
2023,2,COMUNICACION CELULAR S A COMCEL S A,23,CÓRDOBA,23570.0,PUEBLO NUEVO,N,23570007.0,LOS LIMONES,S,S,S,S,N,N
2017,4,COMUNICACION CELULAR S A COMCEL S A,52,NARIÑO,52207.0,CONSACÁ,S,52207001.0,CONSACÁ,S,S,S,N,S,N
2021,2,COMUNICACION CELULAR S A COMCEL S A,73,TOLIMA,73563.0,PRADO,S,73563000.0,PRADO,S,S,S,S,N,N
2017,3,EMPRESA DE TELECOMUNICACIONES DE BOGOTA S.A. ESP,47,MAGDALENA,47570.0,PUEBLOVIEJO,S,47570001.0,PUEBLOVIEJO,S,S,S,N,N,N
2017,1,COMUNICACION CELULAR S A COMCEL S A,70,SUCRE,70771.0,SUCRE,N,70771018.0,SAN LUIS,N,N,N,N,N,N
2018,3,COMUNICACION CELULAR S A COMCEL S A,5,ANTIOQUIA,5490.0,NECOCLÍ,S,5490001.0,NECOCLÍ,S,S,S,N,S,N
2020,2,COLOMBIA MOVIL  S.A ESP,76,VALLE DEL CAUCA,76001.0,CALI,S,76001001.0,CALI,S,S,S,N,S,N
2016,3,COMUNICACION CELULAR S A COMCEL S A,85,CASANARE,85162.0,MONTERREY,N,85162004.0,EL PORVENIR,S,S,N,N,N,N
2021,2,COMUNICACION CELULAR S A COMCEL S A,41,HUILA,41885.0,YAGUARÁ,S,41885000.0,YAGUARÁ,S,S,S,S,N,N
2018,4,COMUNICACION CELULAR S A COMCEL S A,19,CAUCA,19760.0,SOTARÁ PAISPAMBA,N,0.0,BUENAVISTA,N,N,N,N,N,N
2020,1,COLOMBIA MOVIL  S.A ESP,25,CUNDINAMARCA,25779.0,SUSA,S,25779001.0,SUSA,S,S,S,N,N,N
2015,4,COLOMBIA TELECOMUNICACIONES S.A. E.S.P.,76,VALLE DEL CAUCA,76834.0,TULUÁ,N,76834010.0,LA MARINA,S,N,N,N,N,N
2022,1,COLOMBIA TELECOMUNICACIONES S.A. E.S.P.,5,ANTIOQUIA,5091.0,BETANIA,S,5091000.0,BETANIA,N,N,N,S,N,N
2017,3,COMUNICACION CELULAR S A COMCEL S A,81,ARAUCA,81065.0,ARAUQUITA,N,81065004.0,SAN LORENZO,S,N,N,N,N,N
2022,4,PARTNERS TELECOM COLOMBIA SAS,15,BOYACÁ,15599.0,RAMIRIQUÍ,S,15599000.0,RAMIRIQUÍ,N,S,S,S,N,N
2018,2,COLOMBIA TELECOMUNICACIONES S.A. E.S.P.,73,TOLIMA,73671.0,SALDAÑA,S,73671001.0,SALDAÑA,S,S,N,N,S,N
2020,3,COMUNICACION CELULAR S A COMCEL S A,63,QUINDÍO,63470.0,MONTENEGRO,N,63470010.0,LA MONTAÑA,N,N,N,N,N,N
2018,1,COMUNICACION CELULAR S A COMCEL S A,52,NARIÑO,52621.0,ROBERTO PAYÁN,N,0.0,TRINIDAD LA MERCED,N,N,N,N,N,N
2019,1,EMPRESA DE TELECOMUNICACIONES DE BOGOTA S.A. ESP,5,ANTIOQUIA,5209.0,CONCORDIA,S,5209001.0,CONCORDIA,N,N,N,N,N,N
2020,3,COMUNICACION CELULAR S A COMCEL S A,5,ANTIOQUIA,5086.0,BELMIRA,S,5086001.0,BELMIRA,S,S,S,N,S,N
2019,3,COMUNICACION CELULAR S A COMCEL S A,73,TOLIMA,73622.0,RONCESVALLES,S,73622001.0,RONCESVALLES,S,S,S,N,S,N
2019,1,COMUNICACION CELULAR S A COMCEL S A,15,BOYACÁ,15759.0,SOGAMOSO,N,15759007.0,MILAGRO Y PLAYITA,N,N,N,N,N,N
2016,3,COMUNICACION CELULAR S A COMCEL S A,20,CESAR,20001.0,VALLEDUPAR,N,20001037.0,EL ALTO DE LA VUELTA,N,N,N,N,N,N
2019,2,COMUNICACION CELULAR S A COMCEL S A,76,VALLE DEL CAUCA,76001.0,CALI,N,76001013.0,PANCE,S,S,S,N,N,N
2018,3,COMUNICACION CELULAR S A COMCEL S A,5,ANTIOQUIA,5360.0,ITAGUI,N,5360006.0,EL PEDREGAL,N,N,N,N,N,N
2021,1,COMUNICACION CELULAR S A COMCEL S A,52,NARIÑO,52079.0,BARBACOAS,S,52079001.0,BARBACOAS,S,S,S,N,S,N
2023,1,COLOMBIA MOVIL  S.A ESP,5,ANTIOQUIA,5310.0,GÓMEZ PLATA,N,5310001.0,EL SALTO,N,S,S,S,N,N
2018,4,COMUNICACION CELULAR S A COMCEL S A,52,NARIÑO,52427.0,MAGÜI,N,0.0,SANTA CATALINA,N,N,N,N,N,N
2022,1,COLOMBIA MOVIL  S.A ESP,50,META,50251.0,EL CASTILLO,N,50251003.0,MIRAVALLES,S,S,S,S,N,N
2019,2,COMUNICACION CELULAR S A COMCEL S A,20,CESAR,20570.0,PUEBLO BELLO,N,20570004.0,NABUSIMAKE (SAN SEBASTIÁN),N,N,N,N,N,N
2019,1,COMUNICACION CELULAR S A COMCEL S A,5,ANTIOQUIA,5861.0,VENECIA,N,5861002.0,BOLOMBOLO,S,S,S,N,N,N
2018,3,COMUNICACION CELULAR S A COMCEL S A,27,CHOCÓ,27150.0,CARMEN DEL DARIÉN,N,27150004.0,PUERTO LLERAS,N,N,N,N,N,N
2016,3,COMUNICACION CELULAR S A COMCEL S A,25,CUNDINAMARCA,25320.0,GUADUAS,N,25320002.0,LA PAZ DE CALAMOIMA,S,S,N,N,N,N
2020,1,COMUNICACION CELULAR S A COMCEL S A,15,BOYACÁ,15804.0,TIBANÁ,S,15804001.0,TIBANÁ,S,S,S,N,S,N
2017,3,COMUNICACION CELULAR S A COMCEL S A,13,BOLÍVAR,13549.0,PINILLOS,S,13549001.0,PINILLOS,S,S,S,N,S,N
2016,2,COMUNICACION CELULAR S A COMCEL S A,13,BOLÍVAR,13300.0,HATILLO DE LOBA,N,13300001.0,EL POZÓN,N,N,N,N,N,N
2017,1,AVANTEL S.A.S,73,TOLIMA,73770.0,SUÁREZ,S,73770001.0,SUÁREZ,S,N,N,N,N,N
2023,2,COMUNICACION CELULAR S A COMCEL S A,20,CESAR,20295.0,GAMARRA,N,20295004.0,PALENQUILLO,S,N,N,N,N,N
2017,2,COMUNICACION CELULAR S A COMCEL S A,44,LA GUAJIRA,44279.0,FONSECA,N,44279015.0,POTRERITO,N,N,N,N,N,N
2020,3,COMUNICACION CELULAR S A COMCEL S A,52,NARIÑO,52520.0,FRANCISCO PIZARRO,N,52520011.0,LUIS AVELINO PÉREZ,N,N,N,N,N,N
2017,1,COMUNICACION CELULAR S A COMCEL S A,13,BOLÍVAR,13744.0,SIMITÍ,N,13744001.0,CAMPO PALLARES,N,N,N,N,N,N
2021,3,COLOMBIA MOVIL  S.A ESP,25,CUNDINAMARCA,25612.0,RICAURTE,S,25612000.0,RICAURTE,S,S,S,S,N,N
2018,3,COMUNICACION CELULAR S A COMCEL S A,5,ANTIOQUIA,5400.0,LA UNIÓN,N,0.0,CHUSCALITO,S,S,N,N,N,N
2018,2,COMUNICACION CELULAR S A COMCEL S A,86,PUTUMAYO,86569.0,PUERTO CAICEDO,N,86569001.0,SAN PEDRO,S,S,N,N,N,N
2018,4,EMPRESA DE TELECOMUNICACIONES DE BOGOTA S.A. ESP,76,VALLE DEL CAUCA,76845.0,ULLOA,S,76845001.0,ULLOA,N,N,N,N,N,N
2019,4,COMUNICACION CELULAR S A COMCEL S A,81,ARAUCA,81794.0,TAME,N,0.0,CACHAMA,N,N,N,N,N,N
2018,4,COMUNICACION CELULAR S A COMCEL S A,41,HUILA,41016.0,AIPE,S,41016001.0,AIPE,S,S,S,N,S,N
2015,4,COMUNICACION CELULAR S A COMCEL S A,44,LA GUAJIRA,44090.0,DIBULLA,N,44090004.0,PALOMINO,S,S,N,N,N,N
2016,2,COMUNICACION CELULAR S A COMCEL S A,25,CUNDINAMARCA,25200.0,COGUA,S,25200001.0,COGUA,S,S,N,N,N,N
2017,3,COMUNICACION CELULAR S A COMCEL S A,52,NARIÑO,52001.0,PASTO,N,52001058.0,EL ROSARIO,N,N,N,N,N,N
2017,1,COMUNICACION CELULAR S A COMCEL S A,19,CAUCA,19397.0,LA VEGA,N,0.0,EL DIVISO,N,N,N,N,N,N
2023,3,COMUNICACION CELULAR S A COMCEL S A,54,NORTE DE SANTANDER,54670.0,SAN CALIXTO,N,54670016.0,LA QUINA,S,S,S,S,N,N
2017,1,COLOMBIA TELECOMUNICACIONES S.A. E.S.P.,20,CESAR,20517.0,PAILITAS,S,20517001.0,PAILITAS,S,S,N,N,N,N
2022,1,COMUNICACION CELULAR S A COMCEL S A,76,VALLE DEL CAUCA,76113.0,BUGALAGRANDE,N,76113013.0,URÍBE URÍBE,S,S,S,S,N,N
2022,3,COMUNICACION CELULAR S A COMCEL S A,15,BOYACÁ,15660.0,SAN EDUARDO,S,15660000.0,SAN EDUARDO,S,S,S,S,N,N
2021,1,AVANTEL S.A.S,85,CASANARE,85230.0,OROCUÉ,S,85230001.0,OROCUÉ,N,N,N,N,N,N
2016,2,COLOMBIA MOVIL  S.A ESP,47,MAGDALENA,47980.0,ZONA BANANERA,N,47980003.0,LA GRAN VÍA,S,S,S,N,N,N
2020,3,COMUNICACION CELULAR S A COMCEL S A,76,VALLE DEL CAUCA,76736.0,SEVILLA,N,76736005.0,CUMBARCO,N,N,N,N,N,N
2023,2,COMUNICACION CELULAR S A COMCEL S A,47,MAGDALENA,47980.0,ZONA BANANERA,N,47980007.0,SANTA ROSALIA,S,S,S,N,N,N
2017,2,COMUNICACION CELULAR S A COMCEL S A,5,ANTIOQUIA,5628.0,SABANALARGA,N,5628004.0,EL SOCORRO,N,N,N,N,N,N
2016,3,ALMACENES EXITO INVERSIONES S.A.S.,73,TOLIMA,73001.0,IBAGUÉ,S,73001001.0,IBAGUÉ,S,S,S,N,S,N
2017,4,COMUNICACION CELULAR S A COMCEL S A,5,ANTIOQUIA,5631.0,SABANETA,N,0.0,LAS BRISAS,S,S,S,N,N,N
2017,4,COMUNICACION CELULAR S A COMCEL S A,25,CUNDINAMARCA,25293.0,GACHALA,S,25293001.0,GACHALA,S,S,S,N,N,N
2022,1,AVANTEL S.A.S,76,VALLE DEL CAUCA,76001.0,CALI,S,76001000.0,SANTIAGO DE CALI,S,S,S,S,N,N
2023,1,COMUNICACION CELULAR S A COMCEL S A,20,CESAR,20178.0,CHIRIGUANÁ,N,20178008.0,RINCÓN HONDO,S,S,S,N,N,N
2016,2,COMUNICACION CELULAR S A COMCEL S A,95,GUAVIARE,95001.0,SAN JOSÉ DEL GUAVIARE,N,95001006.0,GUACAMAYAS,N,N,N,N,N,N
2023,3,PARTNERS TELECOM COLOMBIA SAS,73,TOLIMA,73124.0,CAJAMARCA,S,73124000.0,CAJAMARCA,N,S,S,S,N,N
2020,1,COMUNICACION CELULAR S A COMCEL S A,52,NARIÑO,52683.0,SANDONÁ,N,52683010.0,EL VERGEL,N,N,N,N,N,N
2018,3,COMUNICACION CELULAR S A COMCEL S A,86,PUTUMAYO,86569.0,PUERTO CAICEDO,N,86569003.0,EL CEDRAL,N,N,N,N,N,N
2017,4,AVANTEL S.A.S,5,ANTIOQUIA,5809.0,TITIRIBÍ,S,5809001.0,TITIRIBÍ,N,N,N,N,N,N
2023,2,COMUNICACION CELULAR S A COMCEL S A,54,NORTE DE SANTANDER,54871.0,VILLA CARO,S,54871000.0,VILLA CARO,S,S,S,S,N,N
2021,3,COLOMBIA TELECOMUNICACIONES S.A. E.S.P.,20,CESAR,20045.0,BECERRIL,S,20045000.0,BECERRIL,S,S,S,S,N,N
2020,3,AVANTEL S.A.S,68,SANTANDER,68298.0,GAMBITA,S,68298001.0,GAMBITA,N,N,N,N,N,N
2017,4,AVANTEL S.A.S,88,"ARCHIPIÉLAGO DE SAN ANDRÉS, PROVIDENCIA Y SANTA CATALINA",88564.0,PROVIDENCIA,S,88564001.0,PROVIDENCIA,N,N,N,N,N,N
2021,1,COMUNICACION CELULAR S A COMCEL S A,25,CUNDINAMARCA,25486.0,NEMOCÓN,S,25486001.0,NEMOCÓN,S,S,S,N,S,N
2019,1,COLOMBIA TELECOMUNICACIONES S.A. E.S.P.,68,SANTANDER,68081.0,BARRANCABERMEJA,N,68081010.0,LA FORTUNA,S,N,N,N,N,N
2021,4,COMUNICACION CELULAR S A COMCEL S A,68,SANTANDER,68575.0,PUERTO WILCHES,N,68575023.0,KILÓMETRO OCHO,S,N,N,N,N,N
2015,4,COMUNICACION CELULAR S A COMCEL S A,73,TOLIMA,73026.0,ALVARADO,N,73026005.0,VERACRUZ,S,N,N,N,N,N
2016,2,COMUNICACION CELULAR S A COMCEL S A,70,SUCRE,70771.0,SUCRE,N,0.0,GALINDO,N,N,N,N,N,N
2018,3,COMUNICACION CELULAR S A COMCEL S A,66,RISARALDA,66170.0,DOSQUEBRADAS,N,0.0,LA DIVISA,S,N,N,N,N,N
2018,4,COMUNICACION CELULAR S A COMCEL S A,20,CESAR,20238.0,EL COPEY,N,20238003.0,CHIMILA,S,N,N,N,N,N
2018,1,COMUNICACION CELULAR S A COMCEL S A,68,SANTANDER,68271.0,FLORIÁN,N,68271001.0,LA VENTA,N,N,N,N,N,N
2016,3,COLOMBIA TELECOMUNICACIONES S.A. E.S.P.,13,BOLÍVAR,13688.0,SANTA ROSA DEL SUR,N,13688007.0,CANELOS,S,N,N,N,N,N
2018,1,COMUNICACION CELULAR S A COMCEL S A,73,TOLIMA,73283.0,FRESNO,N,73283003.0,EL TABLAZO,S,N,N,N,N,N
2018,4,COMUNICACION CELULAR S A COMCEL S A,44,LA GUAJIRA,44560.0,MANAURE,N,0.0,SANTA ROSA,N,N,N,N,N,N
2016,2,COMUNICACION CELULAR S A COMCEL S A,54,NORTE DE SANTANDER,54003.0,ABREGO,N,0.0,EL LLANÓN,N,N,N,N,N,N
2017,2,COLOMBIA MOVIL  S.A ESP,5,ANTIOQUIA,5209.0,CONCORDIA,S,5209001.0,CONCORDIA,S,S,S,N,N,N
2021,2,COLOMBIA TELECOMUNICACIONES S.A. E.S.P.,23,CÓRDOBA,23855.0,VALENCIA,N,23855016.0,MANZANARES,S,N,N,N,N,N
2018,3,COLOMBIA TELECOMUNICACIONES S.A. E.S.P.,76,VALLE DEL CAUCA,76109.0,BUENAVENTURA,N,76109003.0,LA BOCANA,S,N,N,N,N,N
2023,2,PARTNERS TELECOM COLOMBIA SAS,25,CUNDINAMARCA,25123.0,CACHIPAY,S,25123000.0,CACHIPAY,N,S,S,S,N,N
2021,4,COLOMBIA TELECOMUNICACIONES S.A. E.S.P.,15,BOYACÁ,15092.0,BETÉITIVA,S,15092000.0,BETÉITIVA,N,S,S,N,N,N
2016,3,COMUNICACION CELULAR S A COMCEL S A,20,CESAR,20001.0,VALLEDUPAR,N,20001006.0,CHEMESQUEMENA,N,N,N,N,N,N
2022,1,COLOMBIA TELECOMUNICACIONES S.A. E.S.P.,25,CUNDINAMARCA,25769.0,SUBACHOQUE,N,25769006.0,CASCAJAL,N,S,S,S,N,N
2016,1,COMUNICACION CELULAR S A COMCEL S A,17,CALDAS,17442.0,MARMATO,N,0.0,LA GARRUCHA,N,N,N,N,N,N
2021,3,COLOMBIA TELECOMUNICACIONES S.A. E.S.P.,70,SUCRE,70215.0,COROZAL,N,70215001.0,CANTAGALLO,S,S,N,N,N,N
2022,2,COLOMBIA TELECOMUNICACIONES S.A. E.S.P.,19,CAUCA,19050.0,ARGELIA,N,19050006.0,EL PLATEADO,S,N,N,N,N,N
2021,4,COMUNICACION CELULAR S A COMCEL S A,13,BOLÍVAR,13673.0,SANTA CATALINA,N,13673006.0,PUEBLO NUEVO,S,S,N,N,N,N
2016,4,ALMACENES EXITO INVERSIONES S.A.S.,20,CESAR,20175.0,CHIMICHAGUA,S,20175001.0,CHIMICHAGUA,S,S,S,N,N,N
2020,2,COMUNICACION CELULAR S A COMCEL S A,17,CALDAS,17524.0,PALESTINA,N,17524001.0,ARAUCA,S,S,S,N,S,N
2017,2,COLOMBIA TELECOMUNICACIONES S.A. E.S.P.,27,CHOCÓ,27787.0,TADÓ,S,27787001.0,TADÓ,S,S,N,N,N,N
2020,4,COMUNICACION CELULAR S A COMCEL S A,19,CAUCA,19517.0,PAEZ,N,19517040.0,MESA DE TÁLAGA,N,N,N,N,N,N
2020,1,EMPRESA DE TELECOMUNICACIONES DE BOGOTA S.A. ESP,25,CUNDINAMARCA,25875.0,VILLETA,S,25875001.0,VILLETA,N,N,N,N,S,N
2018,4,COMUNICACION CELULAR S A COMCEL S A,73,TOLIMA,73067.0,ATACO,N,0.0,CASA VERDE,N,N,N,N,N,N
2020,1,COLOMBIA TELECOMUNICACIONES S.A. E.S.P.,68,SANTANDER,68079.0,BARICHARA,N,68079001.0,GUANE,S,S,N,N,N,N
2017,4,COLOMBIA TELECOMUNICACIONES S.A. E.S.P.,47,MAGDALENA,47001.0,SANTA MARTA,N,47001009.0,MINCA,S,N,N,N,N,N
2022,4,COLOMBIA MOVIL  S.A ESP,68,SANTANDER,68855.0,VALLE DE SAN JOSÉ,S,68855000.0,VALLE DE SAN JOSÉ,N,S,S,S,N,N
2021,2,COLOMBIA TELECOMUNICACIONES S.A. E.S.P.,52,NARIÑO,52001.0,PASTO,N,52001042.0,DAZA-MORASURCO DAZA,S,S,S,N,N,N
2018,1,COMUNICACION CELULAR S A COMCEL S A,19,CAUCA,19318.0,GUAPI,N,0.0,CHANZARÁ,N,N,N,N,N,N
2018,4,COMUNICACION CELULAR S A COMCEL S A,19,CAUCA,19130.0,CAJIBÍO,S,19130001.0,CAJIBÍO,S,S,S,N,S,N
2017,4,EMPRESA DE TELECOMUNICACIONES DE BOGOTA S.A. ESP,50,META,50400.0,LEJANÍAS,S,50400001.0,LEJANÍAS,S,S,S,N,N,N
2020,1,COMUNICACION CELULAR S A COMCEL S A,63,QUINDÍO,63690.0,SALENTO,N,63690005.0,LA EXPLANACIÓN,S,N,N,N,N,N
2022,2,COMUNICACION CELULAR S A COMCEL S A,25,CUNDINAMARCA,25200.0,COGUA,N,25200002.0,RODAMONTAL,S,S,S,S,N,N
2021,2,COLOMBIA TELECOMUNICACIONES S.A. E.S.P.,20,CESAR,20001.0,VALLEDUPAR,N,20001002.0,ATANQUEZ,S,N,N,N,N,N
2018,1,COMUNICACION CELULAR S A COMCEL S A,27,CHOCÓ,27050.0,ATRATO,N,27050006.0,SAN JOSÉ DE PURRÉ,N,N,N,N,N,N
2018,1,AVANTEL S.A.S,73,TOLIMA,73504.0,ORTEGA,S,73504001.0,ORTEGA,N,N,N,N,N,N
2022,2,AVANTEL S.A.S,52,NARIÑO,52565.0,PROVIDENCIA,S,52565000.0,PROVIDENCIA,S,S,S,N,N,N
2023,1,COLOMBIA MOVIL  S.A ESP,27,CHOCÓ,27450.0,MEDIO SAN JUAN,N,27450015.0,LA UNIÓN,N,N,N,S,N,N
2023,2,COMUNICACION CELULAR S A COMCEL S A,5,ANTIOQUIA,5652.0,SAN FRANCISCO,N,5652001.0,AQUITANIA,S,N,N,N,N,N
2017,2,COLOMBIA MOVIL  S.A ESP,76,VALLE DEL CAUCA,76248.0,EL CERRITO,N,76248009.0,SANTA ELENA,S,S,S,N,N,N
2017,1,COMUNICACION CELULAR S A COMCEL S A,44,LA GUAJIRA,44560.0,MANAURE,N,44560010.0,LA PAZ,N,N,N,N,N,N
2018,2,COMUNICACION CELULAR S A COMCEL S A,50,META,50325.0,MAPIRIPÁN,N,50325004.0,ANZUELO,N,N,N,N,N,N
2016,1,COLOMBIA TELECOMUNICACIONES S.A. E.S.P.,19,CAUCA,19573.0,PUERTO TEJADA,S,19573001.0,PUERTO TEJADA,S,S,S,N,N,N
2016,3,COMUNICACION CELULAR S A COMCEL S A,25,CUNDINAMARCA,25785.0,TABIO,N,25785002.0,EL PENCIL,S,N,N,N,N,N
2018,3,COMUNICACION CELULAR S A COMCEL S A,25,CUNDINAMARCA,25817.0,TOCANCIPÁ,N,25817003.0,PELPAK,N,N,N,N,N,N
2016,1,COMUNICACION CELULAR S A COMCEL S A,19,CAUCA,19001.0,POPAYÁN,N,19001034.0,RÍO BLANCO,N,N,N,N,N,N
2023,2,COLOMBIA TELECOMUNICACIONES S.A. E.S.P.,15,BOYACÁ,15720.0,SATIVANORTE,S,15720000.0,SATIVANORTE,S,S,N,S,N,N
2016,1,COMUNICACION CELULAR S A COMCEL S A,73,TOLIMA,73585.0,PURIFICACIÓN,N,73585013.0,LA MATA,S,N,N,N,N,N
2021,4,PARTNERS TELECOM COLOMBIA SAS,15,BOYACÁ,15572.0,PUERTO BOYACÁ,S,15572000.0,PUERTO BOYACÁ,N,S,S,N,N,N
2021,4,COMUNICACION CELULAR S A COMCEL S A,76,VALLE DEL CAUCA,76001.0,CALI,N,76001044.0,LA SIRENA,S,S,S,S,N,N
2022,2,COMUNICACION CELULAR S A COMCEL S A,15,BOYACÁ,15469.0,MONIQUIRÁ,N,15469007.0,LOS CAYENOS,S,S,S,S,N,N
2017,2,COMUNICACION CELULAR S A COMCEL S A,27,CHOCÓ,27073.0,BAGADÓ,N,27073005.0,LA SIERRA,N,N,N,N,N,N
2020,1,COMUNICACION CELULAR S A COMCEL S A,73,TOLIMA,73449.0,MELGAR,N,73449008.0,EL RUBY,S,S,N,N,S,N
2019,4,COMUNICACION CELULAR S A COMCEL S A,18,CAQUETA,18860.0,VALPARAÍSO,N,18860001.0,SANTIAGO DE LA SELVA,N,N,N,N,N,N
2018,1,AVANTEL S.A.S,27,CHOCÓ,27491.0,NÓVITA,S,27491001.0,NÓVITA,N,N,N,N,N,N
2018,4,COMUNICACION CELULAR S A COMCEL S A,19,CAUCA,19450.0,MERCADERES,N,19450004.0,ESMERALDAS,N,N,N,N,N,N
2019,2,COMUNICACION CELULAR S A COMCEL S A,47,MAGDALENA,47001.0,SANTA MARTA,N,47001001.0,BONDA,S,S,S,N,S,N
2021,4,EMPRESA DE TELECOMUNICACIONES DE BOGOTA S.A. ESP,54,NORTE DE SANTANDER,54099.0,BOCHALEMA,S,54099000.0,BOCHALEMA,S,S,S,N,N,N
2021,4,COMUNICACION CELULAR S A COMCEL S A,76,VALLE DEL CAUCA,76403.0,LA VICTORIA,N,76403003.0,HOLGUÍN,S,S,S,N,N,N
2021,2,EMPRESA DE TELECOMUNICACIONES DE BOGOTA S.A. ESP,99,VICHADA,99001.0,PUERTO CARREÑO,S,99001000.0,PUERTO CARREÑO,S,S,N,N,N,N
2023,1,COMUNICACION CELULAR S A COMCEL S A,50,META,50370.0,URIBE,N,50370001.0,LA JULIA,S,S,S,S,N,N
2016,2,COMUNICACION CELULAR S A COMCEL S A,25,CUNDINAMARCA,25095.0,BITUIMA,N,25095002.0,BOQUERÓN DE ILÓ,S,S,N,N,N,N
2020,1,COMUNICACION CELULAR S A COMCEL S A,23,CÓRDOBA,23189.0,CIÉNAGA DE ORO,N,0.0,LOS VENADOS,N,N,N,N,N,N
2015,4,COMUNICACION CELULAR S A COMCEL S A,19,CAUCA,19130.0,CAJIBÍO,N,0.0,EL RECUERDO,N,N,N,N,N,N
2016,1,COMUNICACION CELULAR S A COMCEL S A,15,BOYACÁ,15810.0,TIPACOQUE,S,15810001.0,TIPACOQUE,S,S,N,N,N,N
2016,1,COMUNICACION CELULAR S A COMCEL S A,23,CÓRDOBA,23675.0,SAN BERNARDO DEL VIENTO,N,0.0,SICARÁ,N,N,N,N,N,N
2022,4,PARTNERS TELECOM COLOMBIA SAS,8,ATLÁNTICO,8421.0,LURUACO,S,8421000.0,LURUACO,N,S,S,S,N,N
2017,3,COMUNICACION CELULAR S A COMCEL S A,15,BOYACÁ,15861.0,VENTAQUEMADA,N,15861006.0,ESTANCIA GRANDE,N,N,N,N,N,N
2017,4,COMUNICACION CELULAR S A COMCEL S A,15,BOYACÁ,15667.0,SAN LUIS DE GACENO,N,15667003.0,HORIZONTES,S,S,N,N,N,N
2016,3,COMUNICACION CELULAR S A COMCEL S A,76,VALLE DEL CAUCA,76130.0,CANDELARIA,N,76130016.0,POBLADO CAMPESTRE,S,S,S,N,S,N
2016,3,ALMACENES EXITO INVERSIONES S.A.S.,70,SUCRE,70708.0,SAN MARCOS,S,70708001.0,SAN MARCOS,S,S,S,N,N,N
2020,1,COMUNICACION CELULAR S A COMCEL S A,52,NARIÑO,52835.0,TUMACO - SAN ANDRES DE TUMACO,N,52835213.0,RESTREPO,N,N,N,N,N,N
2018,2,COLOMBIA TELECOMUNICACIONES S.A. E.S.P.,68,SANTANDER,68081.0,BARRANCABERMEJA,S,68081001.0,BARRANCABERMEJA,S,S,N,N,S,N
2021,2,COMUNICACION CELULAR S A COMCEL S A,70,SUCRE,70265.0,GUARANDA,S,70265000.0,GUARANDA,S,S,S,S,N,N
2022,2,COMUNICACION CELULAR S A COMCEL S A,41,HUILA,41016.0,AIPE,N,41016002.0,SANTA RITA,S,N,N,N,N,N
2016,2,COMUNICACION CELULAR S A COMCEL S A,66,RISARALDA,66001.0,PEREIRA,N,66001045.0,CALLE LARGA,S,N,N,N,N,N
2017,3,COMUNICACION CELULAR S A COMCEL S A,5,ANTIOQUIA,5809.0,TITIRIBÍ,N,0.0,FALDA DEL CAUCA,N,N,N,N,N,N
2019,1,COMUNICACION CELULAR S A COMCEL S A,5,ANTIOQUIA,5282.0,FREDONIA,N,0.0,PIEDRA VERDE,N,N,N,N,N,N
2016,1,COLOMBIA TELECOMUNICACIONES S.A. E.S.P.,15,BOYACÁ,15491.0,NOBSA,S,15491001.0,NOBSA,S,S,N,N,N,N
2023,3,PARTNERS TELECOM COLOMBIA SAS,70,SUCRE,70708.0,SAN MARCOS,N,70708025.0,LA COSTERA,N,N,N,S,N,N
2019,3,COLOMBIA MOVIL  S.A ESP,15,BOYACÁ,15757.0,SOCHA,S,15757001.0,SOCHA,S,S,S,N,N,N
2017,3,AVANTEL S.A.S,5,ANTIOQUIA,5051.0,ARBOLETES,S,5051001.0,ARBOLETES,N,N,N,N,N,N
2016,2,COMUNICACION CELULAR S A COMCEL S A,13,BOLÍVAR,13838.0,TURBANÁ,S,13838001.0,TURBANÁ,S,S,S,N,N,N
2023,3,COMUNICACION CELULAR S A COMCEL S A,25,CUNDINAMARCA,25053.0,ARBELÁEZ,N,25053003.0,TISINCE,S,S,S,S,N,N
2021,2,COLOMBIA TELECOMUNICACIONES S.A. E.S.P.,15,BOYACÁ,15776.0,SUTAMARCHÁN,S,15776000.0,SUTAMARCHÁN,S,S,N,S,N,N
2016,1,COMUNICACION CELULAR S A COMCEL S A,54,NORTE DE SANTANDER,54743.0,SILOS,N,54743003.0,LOS RINCÓN,S,N,N,N,N,N
2016,1,ALMACENES EXITO INVERSIONES S.A.S.,23,CÓRDOBA,23182.0,CHINÚ,S,23182001.0,CHINÚ,S,S,N,N,N,N
2015,4,COMUNICACION CELULAR S A COMCEL S A,76,VALLE DEL CAUCA,76147.0,CARTAGO,N,0.0,LA GRECIA,N,N,N,N,N,N
2021,4,COLOMBIA TELECOMUNICACIONES S.A. E.S.P.,68,SANTANDER,68001.0,BUCARAMANGA,S,68001000.0,BUCARAMANGA,S,S,S,S,N,N
2019,2,COMUNICACION CELULAR S A COMCEL S A,15,BOYACÁ,15401.0,LA VICTORIA,N,0.0,SANTA HELENA,N,N,N,N,N,N
2021,1,EMPRESA DE TELECOMUNICACIONES DE BOGOTA S.A. ESP,25,CUNDINAMARCA,25053.0,ARBELÁEZ,S,25053001.0,ARBELÁEZ,N,N,N,N,S,N
2020,2,COMUNICACION CELULAR S A COMCEL S A,23,CÓRDOBA,23182.0,CHINÚ,N,23182036.0,PISA BONITO,N,N,N,N,N,N
2022,4,COMUNICACION CELULAR S A COMCEL S A,15,BOYACÁ,15380.0,LA CAPILLA,S,15380000.0,LA CAPILLA,S,S,S,S,N,N
2022,1,PARTNERS TELECOM COLOMBIA SAS,5,ANTIOQUIA,5400.0,LA UNIÓN,S,5400000.0,LA UNIÓN,N,S,S,S,N,N
2018,1,COLOMBIA MOVIL  S.A ESP,76,VALLE DEL CAUCA,76364.0,JAMUNDÍ,N,76364005.0,PASO DE LA BOLSA,S,N,N,N,N,N
2017,1,COMUNICACION CELULAR S A COMCEL S A,47,MAGDALENA,47058.0,ARIGUANÍ,N,47058008.0,VADELCO,S,N,N,N,N,N
2022,1,COMUNICACION CELULAR S A COMCEL S A,23,CÓRDOBA,23672.0,SAN ANTERO,N,23672015.0,GRAU,S,S,S,S,N,N
2020,1,AVANTEL S.A.S,20,CESAR,20310.0,GONZÁLEZ,S,20310001.0,GONZÁLEZ,N,N,N,N,N,N
2019,1,AVANTEL S.A.S,25,CUNDINAMARCA,25295.0,GACHANCIPÁ,S,25295001.0,GACHANCIPÁ,S,N,N,N,N,N
2021,2,AVANTEL S.A.S,76,VALLE DEL CAUCA,76828.0,TRUJILLO,S,76828000.0,TRUJILLO,S,S,S,N,N,N
2020,1,COLOMBIA TELECOMUNICACIONES S.A. E.S.P.,73,TOLIMA,73616.0,RIOBLANCO,S,73616001.0,RIOBLANCO,S,S,N,N,N,N
2023,2,COMUNICACION CELULAR S A COMCEL S A,76,VALLE DEL CAUCA,76520.0,PALMIRA,N,76520020.0,LA TORRE,S,S,S,S,N,N
2016,4,COLOMBIA MOVIL  S.A ESP,47,MAGDALENA,47205.0,CONCORDIA,S,47205001.0,CONCORDIA,S,S,S,N,N,N
2022,2,COLOMBIA TELECOMUNICACIONES S.A. E.S.P.,76,VALLE DEL CAUCA,76563.0,PRADERA,N,76563011.0,LA GRANJA,S,S,S,S,N,N
2017,2,COMUNICACION CELULAR S A COMCEL S A,8,ATLÁNTICO,8078.0,BARANOA,S,8078001.0,BARANOA,S,S,S,N,N,N
2020,1,COMUNICACION CELULAR S A COMCEL S A,13,BOLÍVAR,13744.0,SIMITÍ,N,13744008.0,SAN LUIS,S,N,N,N,N,N
2015,4,COMUNICACION CELULAR S A COMCEL S A,52,NARIÑO,52399.0,LA UNIÓN,N,52399003.0,LA CALDERA,N,N,N,N,N,N
2023,1,COLOMBIA MOVIL  S.A ESP,68,SANTANDER,68498.0,OCAMONTE,S,68498000.0,OCAMONTE,S,S,S,S,N,N
2019,3,COMUNICACION CELULAR S A COMCEL S A,68,SANTANDER,68327.0,GÜEPSA,N,0.0,LA AURORA,N,N,N,N,N,N
2017,1,COMUNICACION CELULAR S A COMCEL S A,76,VALLE DEL CAUCA,76109.0,BUENAVENTURA,N,76109078.0,ZARAGOZA,N,N,N,N,N,N
2016,3,COLOMBIA TELECOMUNICACIONES S.A. E.S.P.,15,BOYACÁ,15761.0,SOMONDOCO,S,15761001.0,SOMONDOCO,S,S,N,N,N,N
2020,1,COMUNICACION CELULAR S A COMCEL S A,5,ANTIOQUIA,5150.0,CAROLINA,S,5150001.0,CAROLINA,S,S,S,N,S,N
2016,2,COMUNICACION CELULAR S A COMCEL S A,25,CUNDINAMARCA,25286.0,FUNZA,S,25286001.0,FUNZA,S,S,N,N,N,N
2018,1,COMUNICACION CELULAR S A COMCEL S A,52,NARIÑO,52001.0,PASTO,N,52001036.0,TESCUAL,N,N,N,N,N,N
2016,4,COMUNICACION CELULAR S A COMCEL S A,76,VALLE DEL CAUCA,76364.0,JAMUNDÍ,N,76364001.0,AMPUDIA,N,N,N,N,N,N
2022,2,PARTNERS TELECOM COLOMBIA SAS,15,BOYACÁ,15215.0,CORRALES,S,15215000.0,CORRALES,N,S,S,N,N,N
2017,3,COMUNICACION CELULAR S A COMCEL S A,27,CHOCÓ,27615.0,RIOSUCIO,N,27615006.0,LA HONDA,N,N,N,N,N,N
2021,2,EMPRESA DE TELECOMUNICACIONES DE BOGOTA S.A. ESP,23,CÓRDOBA,23464.0,MOMIL,N,23464001.0,SABANETA,N,N,N,N,N,N
2017,4,AVANTEL S.A.S,5,ANTIOQUIA,5761.0,SOPETRÁN,S,5761001.0,SOPETRÁN,N,N,N,N,N,N
2019,1,COMUNICACION CELULAR S A COMCEL S A,23,CÓRDOBA,23079.0,BUENAVISTA,N,23079012.0,EL VIAJANO,N,N,N,N,N,N
2019,1,COMUNICACION CELULAR S A COMCEL S A,76,VALLE DEL CAUCA,76834.0,TULUÁ,N,0.0,SAN LORENZO,N,N,N,N,N,N
2021,4,COMUNICACION CELULAR S A COMCEL S A,54,NORTE DE SANTANDER,54599.0,RAGONVALIA,S,54599000.0,RAGONVALIA,S,S,S,S,N,N
2016,2,COMUNICACION CELULAR S A COMCEL S A,76,VALLE DEL CAUCA,76233.0,DAGUA,N,76233021.0,SANTA MARÍA,N,N,N,N,N,N
2023,1,COMUNICACION CELULAR S A COMCEL S A,17,CALDAS,17042.0,ANSERMA,S,17042000.0,ANSERMA,S,S,S,S,N,N
2018,1,COMUNICACION CELULAR S A COMCEL S A,23,CÓRDOBA,23678.0,SAN CARLOS,N,23678010.0,EL HATO,N,N,N,N,N,N
2016,4,COLOMBIA TELECOMUNICACIONES S.A. E.S.P.,73,TOLIMA,73043.0,ANZOÁTEGUI,N,73043003.0,SANTA BÁRBARA,S,N,N,N,N,N
2017,4,COMUNICACION CELULAR S A COMCEL S A,13,BOLÍVAR,13248.0,EL GUAMO,N,13248002.0,SAN JOSÉ DE LATA,N,N,N,N,N,N
2021,3,COMUNICACION CELULAR S A COMCEL S A,23,CÓRDOBA,23001.0,MONTERÍA,N,23001065.0,LOS CEDROS,S,S,S,N,N,N
2017,1,COMUNICACION CELULAR S A COMCEL S A,52,NARIÑO,52612.0,RICAURTE,N,52612012.0,VILLA NUEVA,N,N,N,N,N,N
2017,2,COMUNICACION CELULAR S A COMCEL S A,52,NARIÑO,52621.0,ROBERTO PAYÁN,N,0.0,EL SANDE RÍO ISPI,N,N,N,N,N,N
2018,4,COMUNICACION CELULAR S A COMCEL S A,5,ANTIOQUIA,5790.0,TARAZÁ,N,5790001.0,BARRO BLANCO,N,N,N,N,N,N
2015,4,EMPRESA DE TELECOMUNICACIONES DE BOGOTA S.A. ESP,5,ANTIOQUIA,5856.0,VALPARAÍSO,S,5856001.0,VALPARAÍSO,S,S,S,N,N,N
2019,4,AVANTEL S.A.S,15,BOYACÁ,15500.0,OICATÁ,S,15500001.0,OICATÁ,S,N,N,N,N,N
2018,3,COMUNICACION CELULAR S A COMCEL S A,13,BOLÍVAR,13468.0,SANTA CRUZ DE MOMPOX,N,0.0,CARMEN DEL CICUCO,S,S,N,N,N,N
2023,2,COLOMBIA MOVIL  S.A ESP,25,CUNDINAMARCA,25841.0,UBAQUE,S,25841000.0,UBAQUE,S,S,S,S,N,N
2019,3,COMUNICACION CELULAR S A COMCEL S A,52,NARIÑO,52079.0,BARBACOAS,N,52079026.0,EL DIVISO,S,S,S,N,N,N
2017,4,COMUNICACION CELULAR S A COMCEL S A,63,QUINDÍO,63190.0,CIRCASIA,N,0.0,EL PARAÍSO,N,N,N,N,N,N
2018,3,AVANTEL S.A.S,76,VALLE DEL CAUCA,76130.0,CANDELARIA,S,76130001.0,CANDELARIA,S,N,N,N,N,N
2016,2,COMUNICACION CELULAR S A COMCEL S A,27,CHOCÓ,27250.0,EL LITORAL DEL SAN JUAN,N,0.0,GARCÍA GÓMEZ,N,N,N,N,N,N
2020,4,COLOMBIA TELECOMUNICACIONES S.A. E.S.P.,52,NARIÑO,52838.0,TÚQUERRES,N,0.0,TUTACHAG,S,S,N,N,N,N
2022,4,COLOMBIA TELECOMUNICACIONES S.A. E.S.P.,44,LA GUAJIRA,44560.0,MANAURE,N,44560012.0,ARROYO LIMON,S,S,N,N,N,N
2018,4,AVANTEL S.A.S,47,MAGDALENA,47570.0,PUEBLOVIEJO,S,47570001.0,PUEBLOVIEJO,S,N,N,N,N,N
2020,2,COMUNICACION CELULAR S A COMCEL S A,25,CUNDINAMARCA,25506.0,VENECIA,S,25506001.0,VENECIA,S,S,S,N,S,N
2016,1,EMPRESA DE TELECOMUNICACIONES DE BOGOTA S.A. ESP,17,CALDAS,17001.0,MANIZALES,N,17001003.0,BAJO TABLAZO,S,N,N,N,N,N
2021,1,COMUNICACION CELULAR S A COMCEL S A,27,CHOCÓ,27745.0,SIPÍ,N,27745009.0,TANANDÓ,N,N,N,N,N,N
2018,4,COMUNICACION CELULAR S A COMCEL S A,23,CÓRDOBA,23670.0,SAN ANDRÉS DE SOTAVENTO,N,23670009.0,PUEBLECITO,N,N,N,N,N,N
2018,2,COMUNICACION CELULAR S A COMCEL S A,73,TOLIMA,73624.0,ROVIRA,N,73624001.0,EL CORAZÓN,S,N,N,N,N,N
2016,1,COMUNICACION CELULAR S A COMCEL S A,13,BOLÍVAR,13468.0,SANTA CRUZ DE MOMPOX,N,13468013.0,LA RINCONADA,S,N,N,N,N,N
2018,4,COMUNICACION CELULAR S A COMCEL S A,23,CÓRDOBA,23079.0,BUENAVISTA,N,0.0,COTORRA,N,N,N,N,N,N
2021,2,COLOMBIA TELECOMUNICACIONES S.A. E.S.P.,15,BOYACÁ,15185.0,CHITARAQUE,S,15185000.0,CHITARAQUE,N,N,N,S,N,N
2016,3,ALMACENES EXITO INVERSIONES S.A.S.,23,CÓRDOBA,23682.0,SAN JOSÉ DE URÉ,S,23682001.0,SAN JOSÉ DE URÉ,S,S,S,N,N,N
2019,1,COLOMBIA MOVIL  S.A ESP,70,SUCRE,70235.0,GALERAS,N,70235002.0,SAN ANDRÉS DE PALOMO,N,S,N,N,N,N
2017,2,COMUNICACION CELULAR S A COMCEL S A,97,VAUPÉS,97889.0,YAVARATÉ,N,97889000.0,YAVARATÉ,S,S,N,N,N,N
2018,1,COMUNICACION CELULAR S A COMCEL S A,23,CÓRDOBA,23855.0,VALENCIA,S,23855001.0,VALENCIA,S,S,S,N,N,N
2018,4,COMUNICACION CELULAR S A COMCEL S A,76,VALLE DEL CAUCA,76248.0,EL CERRITO,N,76248014.0,CAMPOALEGRE,N,N,N,N,N,N
2016,2,EMPRESA DE TELECOMUNICACIONES DE BOGOTA S.A. ESP,25,CUNDINAMARCA,25486.0,NEMOCÓN,S,25486001.0,NEMOCÓN,S,S,S,N,N,N
2018,4,COMUNICACION CELULAR S A COMCEL S A,19,CAUCA,19256.0,EL TAMBO,N,19256022.0,QUILCACÉ,N,N,N,N,N,N
2018,4,COMUNICACION CELULAR S A COMCEL S A,27,CHOCÓ,27361.0,ISTMINA,N,27361042.0,PAITO,S,N,N,N,N,N
2017,1,AVANTEL S.A.S,11,BOGOTÁ D.C.,11001.0,"BOGOTÁ, D.C.",S,11001001.0,"BOGOTÁ, D.C.",S,N,N,N,S,N
2018,3,COMUNICACION CELULAR S A COMCEL S A,66,RISARALDA,66001.0,PEREIRA,N,66001055.0,ESTRELLA MORRÓN,N,N,N,N,N,N
2016,2,COMUNICACION CELULAR S A COMCEL S A,76,VALLE DEL CAUCA,76606.0,RESTREPO,N,0.0,LA PALMA,N,N,N,N,N,N
2021,1,AVANTEL S.A.S,23,CÓRDOBA,23682.0,SAN JOSÉ DE URÉ,S,23682001.0,SAN JOSÉ DE URÉ,N,N,N,N,N,N
2020,3,COMUNICACION CELULAR S A COMCEL S A,5,ANTIOQUIA,5847.0,URRAO,S,5847001.0,URRAO,S,S,S,N,S,N
2019,2,COMUNICACION CELULAR S A COMCEL S A,52,NARIÑO,52385.0,LA LLANADA,S,52385001.0,LA LLANADA,S,S,S,N,S,N
2022,3,PARTNERS TELECOM COLOMBIA SAS,68,SANTANDER,68169.0,CHARTA,S,68169000.0,CHARTA,N,S,S,N,N,N
2018,1,COMUNICACION CELULAR S A COMCEL S A,25,CUNDINAMARCA,25483.0,NARIÑO,N,0.0,LA REFORMA BUSCAVIDA,N,N,N,N,N,N
2017,3,COMUNICACION CELULAR S A COMCEL S A,68,SANTANDER,68190.0,CIMITARRA,N,68190028.0,CASCAJERO,N,N,N,N,N,N
2022,3,COLOMBIA MOVIL  S.A ESP,18,CAQUETA,18150.0,CARTAGENA DEL CHAIRÁ,N,0.0,SIN CENTRO POBLADO,N,N,N,S,N,N
2018,1,COMUNICACION CELULAR S A COMCEL S A,66,RISARALDA,66001.0,PEREIRA,N,66001043.0,BETANIA,N,N,N,N,N,N
2021,2,COLOMBIA TELECOMUNICACIONES S.A. E.S.P.,25,CUNDINAMARCA,25269.0,FACATATIVÁ,N,25269020.0,VILLA MYRIAM,S,S,N,S,N,N
2020,3,COMUNICACION CELULAR S A COMCEL S A,5,ANTIOQUIA,5308.0,GIRARDOTA,N,5308013.0,LA CALLE,N,N,N,N,N,N
2022,2,AVANTEL S.A.S,5,ANTIOQUIA,5501.0,OLAYA,S,5501000.0,OLAYA,S,S,S,N,N,N
2018,1,COMUNICACION CELULAR S A COMCEL S A,23,CÓRDOBA,23682.0,SAN JOSÉ DE URÉ,N,23682002.0,BOCAS DE URÉ,N,N,N,N,N,N
2016,4,COMUNICACION CELULAR S A COMCEL S A,18,CAQUETA,18753.0,SAN VICENTE DEL CAGUÁN,N,0.0,SAN JUAN DE LOZADA,N,N,N,N,N,N
2021,4,COLOMBIA MOVIL  S.A ESP,5,ANTIOQUIA,5113.0,BURITICÁ,S,5113000.0,BURITICÁ,S,S,S,S,N,N
2023,2,PARTNERS TELECOM COLOMBIA SAS,13,BOLÍVAR,13442.0,MARÍA LA BAJA,N,13442006.0,RETIRO NUEVO,N,N,N,S,N,N
2019,1,COLOMBIA TELECOMUNICACIONES S.A. E.S.P.,41,HUILA,41001.0,NEIVA,N,41001007.0,PALACIOS,S,S,N,N,N,N
2020,4,COMUNICACION CELULAR S A COMCEL S A,54,NORTE DE SANTANDER,54520.0,PAMPLONITA,S,54520001.0,PAMPLONITA,S,S,S,N,S,N
2018,3,COMUNICACION CELULAR S A COMCEL S A,52,NARIÑO,52215.0,CÓRDOBA,N,0.0,PAYÁN,S,S,N,N,N,N
2019,1,COLOMBIA TELECOMUNICACIONES S.A. E.S.P.,52,NARIÑO,52573.0,PUERRES,S,52573001.0,PUERRES,S,S,N,N,N,N
2020,4,COMUNICACION CELULAR S A COMCEL S A,68,SANTANDER,68547.0,PIEDECUESTA,N,68547008.0,PESCADERO,S,S,S,N,N,N
2020,4,EMPRESA DE TELECOMUNICACIONES DE BOGOTA S.A. ESP,8,ATLÁNTICO,8421.0,LURUACO,S,8421001.0,LURUACO,N,N,N,N,S,N
2016,4,COLOMBIA TELECOMUNICACIONES S.A. E.S.P.,13,BOLÍVAR,13673.0,SANTA CATALINA,S,13673001.0,SANTA CATALINA,S,S,N,N,N,N
2022,1,COMUNICACION CELULAR S A COMCEL S A,23,CÓRDOBA,23464.0,MOMIL,S,23464000.0,MOMIL,S,S,S,S,N,N
2018,3,COLOMBIA TELECOMUNICACIONES S.A. E.S.P.,41,HUILA,41006.0,ACEVEDO,S,41006001.0,ACEVEDO,S,S,N,N,N,N
2020,1,COLOMBIA TELECOMUNICACIONES S.A. E.S.P.,73,TOLIMA,73319.0,GUAMO,S,73319001.0,GUAMO,S,S,N,N,S,N
2018,2,COMUNICACION CELULAR S A COMCEL S A,52,NARIÑO,52110.0,BUESACO,N,0.0,ORTEGA,N,N,N,N,N,N
2017,4,COMUNICACION CELULAR S A COMCEL S A,19,CAUCA,19693.0,SAN SEBASTIÁN,N,19693004.0,SANTIAGO,S,N,N,N,N,N
2021,3,EMPRESA DE TELECOMUNICACIONES DE BOGOTA S.A. ESP,86,PUTUMAYO,86865.0,VALLE DEL GUAMUEZ,S,86865000.0,LA HORMIGA,N,S,N,N,N,N
2021,1,COMUNICACION CELULAR S A COMCEL S A,47,MAGDALENA,47245.0,EL BANCO,N,47245012.0,SAN JOSÉ,N,N,N,N,N,N
2023,3,COLOMBIA TELECOMUNICACIONES S.A. E.S.P.,41,HUILA,41298.0,GARZÓN,N,41298003.0,SAN ANTONIO DEL PESCADO,N,N,N,S,N,N
2018,4,COMUNICACION CELULAR S A COMCEL S A,52,NARIÑO,52835.0,TUMACO - SAN ANDRES DE TUMACO,N,0.0,LA CALETA,N,N,N,N,N,N
2017,4,COMUNICACION CELULAR S A COMCEL S A,70,SUCRE,70708.0,SAN MARCOS,N,70708021.0,CAYO DE LA CRUZ,N,N,N,N,N,N
2017,2,COMUNICACION CELULAR S A COMCEL S A,23,CÓRDOBA,23189.0,CIÉNAGA DE ORO,N,0.0,SANTIAGO DEL SUR,N,N,N,N,N,N
2021,2,COLOMBIA MOVIL  S.A ESP,44,LA GUAJIRA,44378.0,HATONUEVO,S,44378000.0,HATONUEVO,S,S,S,S,N,N
2016,4,COLOMBIA TELECOMUNICACIONES S.A. E.S.P.,13,BOLÍVAR,13052.0,ARJONA,N,0.0,CRUZ DEL VIZO,S,N,N,N,N,N
2016,2,COMUNICACION CELULAR S A COMCEL S A,25,CUNDINAMARCA,25785.0,TABIO,N,25785005.0,CHICÚ,N,N,N,N,N,N
2022,4,COLOMBIA MOVIL  S.A ESP,70,SUCRE,70742.0,SAN LUIS DE SINCÉ,N,70742002.0,BAZÁN,N,N,N,S,N,N
2022,1,EMPRESA DE TELECOMUNICACIONES DE BOGOTA S.A. ESP,5,ANTIOQUIA,5885.0,YALÍ,S,5885000.0,YALÍ,S,S,S,N,N,N
2018,1,COLOMBIA TELECOMUNICACIONES S.A. E.S.P.,41,HUILA,41548.0,PITAL,S,41548001.0,PITAL,S,S,N,N,N,N
2022,4,COLOMBIA TELECOMUNICACIONES S.A. E.S.P.,13,BOLÍVAR,13673.0,SANTA CATALINA,N,13673009.0,EL HOBO,S,N,N,N,N,N
2016,3,COLOMBIA MOVIL  S.A ESP,13,BOLÍVAR,13873.0,VILLANUEVA,S,13873001.0,VILLANUEVA,S,S,S,N,N,N
2018,1,COMUNICACION CELULAR S A COMCEL S A,23,CÓRDOBA,23580.0,PUERTO LIBERTADOR,N,23580004.0,JUAN JOSÉ,N,N,N,N,N,N
2016,3,ALMACENES EXITO INVERSIONES S.A.S.,25,CUNDINAMARCA,25486.0,NEMOCÓN,S,25486001.0,NEMOCÓN,S,S,S,N,N,N
2019,4,COMUNICACION CELULAR S A COMCEL S A,15,BOYACÁ,15681.0,SAN PABLO DE BORBUR,S,15681001.0,SAN PABLO DE BORBUR,S,S,S,N,S,N
2021,1,COMUNICACION CELULAR S A COMCEL S A,41,HUILA,41306.0,GIGANTE,N,41306006.0,EL MESÓN,S,N,N,N,N,N
2018,4,COMUNICACION CELULAR S A COMCEL S A,73,TOLIMA,73408.0,LÉRIDA,N,73408002.0,SAN FRANCISCO DE LA SIERRA,S,S,S,N,S,N
2016,4,COMUNICACION CELULAR S A COMCEL S A,76,VALLE DEL CAUCA,76670.0,SAN PEDRO,N,76670007.0,PRESIDENTE,S,S,S,N,N,N
2018,4,AVANTEL S.A.S,76,VALLE DEL CAUCA,76250.0,EL DOVIO,S,76250001.0,EL DOVIO,N,N,N,N,N,N
2021,3,PARTNERS TELECOM COLOMBIA SAS,70,SUCRE,70508.0,OVEJAS,N,0.0,SIN CENTRO POBLADO,N,N,N,S,N,N
2018,3,COLOMBIA TELECOMUNICACIONES S.A. E.S.P.,73,TOLIMA,73678.0,SAN LUIS,N,73678004.0,PAYANDÉ,S,S,N,N,S,N
2016,1,COMUNICACION CELULAR S A COMCEL S A,47,MAGDALENA,47570.0,PUEBLOVIEJO,S,47570001.0,PUEBLOVIEJO,S,S,S,N,N,N
2015,4,COMUNICACION CELULAR S A COMCEL S A,52,NARIÑO,52250.0,EL CHARCO,N,0.0,CAPILLA,N,N,N,N,N,N
2022,1,COMUNICACION CELULAR S A COMCEL S A,25,CUNDINAMARCA,25772.0,SUESCA,S,25772000.0,SUESCA,S,S,S,S,N,N
2023,1,COMUNICACION CELULAR S A COMCEL S A,5,ANTIOQUIA,5604.0,REMEDIOS,N,5604001.0,LA CRUZADA,N,S,S,S,N,N
2022,1,COLOMBIA TELECOMUNICACIONES S.A. E.S.P.,25,CUNDINAMARCA,25290.0,FUSAGASUGÁ,N,25290015.0,RIO BLANCO -LOS PUENTES,S,S,S,S,N,N
2022,4,COMUNICACION CELULAR S A COMCEL S A,25,CUNDINAMARCA,25269.0,FACATATIVÁ,N,25269014.0,PUEBLO VIEJO,S,S,S,S,N,N
2022,3,PARTNERS TELECOM COLOMBIA SAS,27,CHOCÓ,27160.0,CÉRTEGUI,S,27160000.0,CÉRTEGUI,N,S,S,N,N,N
2016,4,COMUNICACION CELULAR S A COMCEL S A,15,BOYACÁ,15667.0,SAN LUIS DE GACENO,N,15667004.0,LA MESA DEL GUAVIO,N,N,N,N,N,N
2020,2,COLOMBIA TELECOMUNICACIONES S.A. E.S.P.,54,NORTE DE SANTANDER,54001.0,SAN JOSÉ DE CÚCUTA,N,54001018.0,SAN PEDRO,S,S,N,N,N,N
2021,4,PARTNERS TELECOM COLOMBIA SAS,15,BOYACÁ,15322.0,GUATEQUE,S,15322000.0,GUATEQUE,N,S,S,N,N,N
2021,2,COLOMBIA TELECOMUNICACIONES S.A. E.S.P.,25,CUNDINAMARCA,25736.0,SESQUILÉ,N,25736004.0,SIATOYA,S,S,S,N,N,N
2016,1,EMPRESA DE TELECOMUNICACIONES DE BOGOTA S.A. ESP,76,VALLE DEL CAUCA,76001.0,CALI,N,76001002.0,FELIDIA,S,S,S,N,N,N
2020,1,COMUNICACION CELULAR S A COMCEL S A,85,CASANARE,85263.0,PORE,N,85263001.0,EL BANCO,S,S,N,N,S,N
2020,3,COLOMBIA TELECOMUNICACIONES S.A. E.S.P.,47,MAGDALENA,47980.0,ZONA BANANERA,N,47980010.0,TUCURINCA,S,S,N,N,N,N
2023,1,COLOMBIA MOVIL  S.A ESP,76,VALLE DEL CAUCA,76122.0,CAICEDONIA,S,76122000.0,CAICEDONIA,N,S,S,S,N,N
2022,2,COLOMBIA TELECOMUNICACIONES S.A. E.S.P.,25,CUNDINAMARCA,25491.0,NOCAIMA,S,25491000.0,NOCAIMA,S,S,N,S,N,N
2019,1,COLOMBIA TELECOMUNICACIONES S.A. E.S.P.,44,LA GUAJIRA,44560.0,MANAURE,N,44560003.0,EL PÁJARO,S,S,N,N,N,N
2018,1,AVANTEL S.A.S,68,SANTANDER,68861.0,VÉLEZ,S,68861001.0,VÉLEZ,N,N,N,N,N,N
2018,2,COMUNICACION CELULAR S A COMCEL S A,95,GUAVIARE,95200.0,MIRAFLORES,N,95200009.0,PUERTO NARE,N,N,N,N,N,N
2019,1,AVANTEL S.A.S,5,ANTIOQUIA,5649.0,SAN CARLOS,S,5649001.0,SAN CARLOS,N,N,N,N,N,N
2017,2,COMUNICACION CELULAR S A COMCEL S A,17,CALDAS,17013.0,AGUADAS,N,17013012.0,ALTO DE PITO,N,N,N,N,N,N
2018,2,COMUNICACION CELULAR S A COMCEL S A,76,VALLE DEL CAUCA,76377.0,LA CUMBRE,N,76377005.0,PUENTE PALO,N,N,N,N,N,N
2018,3,AVANTEL S.A.S,52,NARIÑO,52699.0,SANTACRUZ,S,52699001.0,SANTACRUZ,N,N,N,N,N,N
2021,4,COLOMBIA TELECOMUNICACIONES S.A. E.S.P.,25,CUNDINAMARCA,25328.0,GUAYABAL DE SIQUIMA,S,25328000.0,GUAYABAL DE SÍQUIMA,S,S,S,N,N,N
2017,3,COMUNICACION CELULAR S A COMCEL S A,97,VAUPÉS,97001.0,MITÚ,N,97001005.0,ACARICUARA,S,S,N,N,N,N
2018,4,COLOMBIA TELECOMUNICACIONES S.A. E.S.P.,73,TOLIMA,73124.0,CAJAMARCA,N,73124001.0,ANAIME,S,N,N,N,N,N
2021,1,COMUNICACION CELULAR S A COMCEL S A,41,HUILA,41615.0,RIVERA,N,41615002.0,RIVERITA,S,S,S,N,N,N
2021,1,COMUNICACION CELULAR S A COMCEL S A,86,PUTUMAYO,86571.0,PUERTO GUZMÁN,N,86571008.0,PUERTO ROSARIO,N,N,N,N,N,N
2018,2,COMUNICACION CELULAR S A COMCEL S A,52,NARIÑO,52215.0,CÓRDOBA,N,0.0,PAYÁN,S,S,N,N,N,N
2017,2,COMUNICACION CELULAR S A COMCEL S A,76,VALLE DEL CAUCA,76248.0,EL CERRITO,N,0.0,AUJÍ,N,N,N,N,N,N
2022,1,COLOMBIA TELECOMUNICACIONES S.A. E.S.P.,73,TOLIMA,73200.0,COELLO,S,73200000.0,COELLO,S,S,N,S,N,N
2016,4,COLOMBIA MOVIL  S.A ESP,25,CUNDINAMARCA,25799.0,TENJO,S,25799001.0,TENJO,S,S,S,N,N,N
2023,1,COLOMBIA MOVIL  S.A ESP,70,SUCRE,70702.0,SAN JUAN DE BETULIA,N,70702008.0,SANTO TOMÁS,N,N,N,S,N,N
2017,4,AVANTEL S.A.S,70,SUCRE,70400.0,LA UNIÓN,S,70400001.0,LA UNIÓN,N,N,N,N,N,N
2021,2,COMUNICACION CELULAR S A COMCEL S A,5,ANTIOQUIA,5172.0,CHIGORODÓ,S,5172000.0,CHIGORODÓ,S,S,S,S,N,N
2022,1,COMUNICACION CELULAR S A COMCEL S A,63,QUINDÍO,63401.0,LA TEBAIDA,N,63401003.0,LA SILVIA,S,S,S,S,N,N
2016,2,COMUNICACION CELULAR S A COMCEL S A,44,LA GUAJIRA,44078.0,BARRANCAS,N,44078007.0,ROCHE,N,N,N,N,N,N
2017,4,COMUNICACION CELULAR S A COMCEL S A,17,CALDAS,17001.0,MANIZALES,N,0.0,BAJO CORINTO,S,N,N,N,N,N
2018,2,COLOMBIA TELECOMUNICACIONES S.A. E.S.P.,25,CUNDINAMARCA,25645.0,SAN ANTONIO DEL TEQUENDAMA,N,25645011.0,PUEBLO NUEVO,S,S,N,N,N,N
2015,4,EMPRESA DE TELECOMUNICACIONES DE BOGOTA S.A. ESP,52,NARIÑO,52001.0,PASTO,N,52001005.0,LA LAGUNA,S,S,S,N,N,N
2018,2,COMUNICACION CELULAR S A COMCEL S A,25,CUNDINAMARCA,25178.0,CHIPAQUE,N,25178013.0,ABASTICOS,N,N,N,N,N,N
2017,1,COMUNICACION CELULAR S A COMCEL S A,18,CAQUETA,18205.0,CURILLO,N,18205001.0,SALAMINA,S,N,N,N,N,N
2016,1,COMUNICACION CELULAR S A COMCEL S A,76,VALLE DEL CAUCA,76318.0,GUACARÍ,N,76318011.0,CANANGUÁ,N,N,N,N,N,N
2017,3,COMUNICACION CELULAR S A COMCEL S A,52,NARIÑO,52835.0,TUMACO - SAN ANDRES DE TUMACO,N,52835120.0,KILÓMETRO 28,N,N,N,N,N,N
